epoch,loss
1,0.591156
2,0.242557
