epoch,loss
1,0.538311
2,0.171528
