epoch,loss
1,0.538311
2,0.171528
3,0.157694
4,0.157485
5,0.157097
6,0.15692
7,0.156877
8,0.156761
9,0.15649
10,0.155793
11,0.155674
12,0.155682
13,0.156219
14,0.15574
15,0.155404
16,0.155946
17,0.155326
18,0.155278
19,0.155198
20,0.155118
