epoch,loss
1,0.418745
2,0.294678
3,0.294678
4,0.294678
5,0.294678
6,0.294678
7,0.294678
8,0.294678
9,0.294678
10,0.294678
