epoch,loss
1,0.495343
2,0.146434
3,0.140566
4,0.142361
5,0.141281
6,0.139266
7,0.13881
8,0.138904
9,0.140337
10,0.138554
11,0.139473
12,0.138996
13,0.139733
14,0.138197
15,0.13809
16,0.137745
17,0.138154
18,0.138613
19,0.138231
20,0.1377
21,0.137281
22,0.137149
23,0.137118
24,0.137367
25,0.137318
26,0.136831
27,0.136596
28,0.136591
29,0.136572
30,0.136873
