{
  "layerType": "Dense",
  "inputShape": 10,
  "outputShape": 1,
  "weights": [
    [-0.311099],
    [-0.812965],
    [-0.21995],
    [0.249004],
    [-0.0871269],
    [-0.227965],
    [0.443868],
    [0.0654168],
    [0.508804],
    [0.765489]
  ],
  "bias": [
    0.318299
  ]
}
