{
  "layerType": "Dense",
  "inputShape": 2,
  "outputShape": 10,
  "weights": [
    [0.558211, 0.829236, 0.240938, -0.428182, 0.478151, 0.0803637, -0.672287, -0.948174, -0.278154, -0.440738],
    [0.236464, 0.909085, 0.635587, 0.660375, -0.274891, -2.92281, 0.217929, 1.73825, -0.235408, 0.434019]
  ],
  "bias": [
    -0.0820467, -0.192772, -0.0726559, 0.0754918, -0.0207151, 0, 0, 0.0158068, 0, 0
  ]
}
