{
  "layerType": "Dense",
  "inputShape": 32,
  "outputShape": 1,
  "weights": [
    [-2.03512],
    [-0.779043],
    [-1.80541],
    [-0.332738],
    [-1.61819],
    [-0.726345],
    [-1.92044],
    [-0.140024],
    [-0.226898],
    [-1.23904],
    [-0.98999],
    [-0.539895],
    [-0.356326],
    [8.3943e-06],
    [-0.41883],
    [-0.611831],
    [-1.02803],
    [-0.626505],
    [-0.00908623],
    [-0.81551],
    [-0.698745],
    [0.0288235],
    [0.115717],
    [0.215444],
    [-0.291564],
    [-0.369685],
    [-0.441719],
    [-0.424362],
    [-0.751248],
    [-0.491254],
    [-0.13753],
    [-1.23996]
  ],
  "bias": [
    -1.93321
  ]
}
