{
  "layerType": "Dense",
  "inputShape": 10,
  "outputShape": 1,
  "weights": [
    [0.251548],
    [0.326179],
    [0.0562237],
    [-0.19452],
    [0.161463],
    [-0.757762],
    [-0.495251],
    [-0.233693],
    [0.436493],
    [-0.819119]
  ],
  "bias": [
    0.288639
  ]
}
