{
  "layerType": "Dense",
  "inputShape": 2,
  "outputShape": 10,
  "weights": [
    [0.0173754, 1.83361, -1.51596, -1.81817, 0.0287183, -1.15617, 1.18373, -0.334208, -0.320868, -0.00933973],
    [0.0917795, 0.650082, 2.23556, 1.69507, 1.06823, -0.951921, 1.05192, 1.70825, -0.232397, 1.32483]
  ],
  "bias": [
    0.0702277, 0.080259, 0.0124897, 0, 0.0403407, 0, -0.14957, -0.0720492, 0, -0.134515
  ]
}
