{
  "layerType": "Dense",
  "inputShape": 32,
  "outputShape": 1,
  "weights": [
    [0.107434],
    [0.0579659],
    [-0.482307],
    [0.156612],
    [0.140761],
    [0.194966],
    [0.349268],
    [0.347274],
    [0.0703093],
    [-0.121639],
    [-0.024606],
    [-0.364236],
    [0.188804],
    [-0.104779],
    [-0.25662],
    [-0.449701],
    [-0.216744],
    [-0.143581],
    [-0.585047],
    [-0.671833],
    [0.258477],
    [-0.0418078],
    [0.0316871],
    [-0.419896],
    [0.258651],
    [0.0756566],
    [0.0374145],
    [0.0351214],
    [-0.399496],
    [-0.0639782],
    [0.403716],
    [-0.00632085]
  ],
  "bias": [
    -0.00135044
  ]
}
