{
  "layerType": "Dense",
  "inputShape": 32,
  "outputShape": 1,
  "weights": [
    [-0.35456],
    [-0.197181],
    [-0.0708087],
    [-0.346483],
    [-0.215948],
    [0.204725],
    [0.277865],
    [0.319342],
    [0.197204],
    [0.211468],
    [-0.277477],
    [-0.0957685],
    [0.0850068],
    [-0.258426],
    [-0.225477],
    [0.208861],
    [0.248545],
    [0.235974],
    [0.364525],
    [-0.30592],
    [-0.0972501],
    [-0.0909145],
    [0.0757163],
    [0.225495],
    [0.461421],
    [-0.632541],
    [0.0893854],
    [-0.00776376],
    [0.109322],
    [-0.0464861],
    [-0.115294],
    [0.20126]
  ],
  "bias": [
    -0.0269386
  ]
}
